Subreddit,Title,Date,Comments,Upvotes,URL
passportbrosunited,FYIs for those heading to the Philippines!,2023-07-29,1,4,https://www.reddit.com/r/passportbrosunited/comments/15cpkw2/fyis_for_those_heading_to_the_philippines/
passportbrosunited,Passport Bros Love TWO Countries,2023-07-05,0,3,https://youtu.be/V8ZDPGSRl6s
passportbrosunited,Hey Passport bros this is right up your alley. 50/60 Percent of buisness class flights!,2023-07-05,2,1,https://www.reddit.com/r/passportbrosunited/comments/14qylz3/hey_passport_bros_this_is_right_up_your_alley/
passportbrosunited,Passport Bros: Egyptian Chick Explains How Men Won't Want To Date In America After Going Overseas,2023-05-23,1,2,https://www.reddit.com/r/passportbrosunited/comments/13pwat4/passport_bros_egyptian_chick_explains_how_men/
passportbrosunited,Passport Bros. now have their own cryptocurrency.,2023-04-25,0,2,https://www.reddit.com/r/passportbrosunited/comments/12ylh64/passport_bros_now_have_their_own_cryptocurrency/
passportbrosunited,PUNTA CANA AFTER DARK,2023-04-18,0,3,https://youtu.be/2kEg3dr6TXg
passportbrosunited,Dating in Thailand is better on every level the women got the 3Fs and its cheap to have a good time,2023-04-17,1,5,https://v.redd.it/9zodfdcleiua1
passportbrosunited,Is it really that hard of a choice,2023-03-13,0,5,https://www.reddit.com/gallery/11q2zt7
passportbrosunited,"Black American woman pretends to be Dominican, and lies about Black Men and Passport bros",2023-03-07,0,2,https://youtube.com/shorts/942mLoD913E?feature=share
passportbrosunited,Sosua Beach SUPERBOWL WEEKEND,2023-03-02,1,1,https://youtu.be/liEq1i2K_88
passportbrosunited,Add El Salvador to the list,2023-02-28,0,2,https://youtube.com/shorts/GLGNMza6saQ?feature=share
passportbrosunited,DO BLACK MEN ONLY LIKE LIGHTSKIN GIRLS?,2022-12-14,0,1,https://youtu.be/sR2_hh48AdI
passportbrosunited,WHY AMERICAN WOMEN WONT HAVE SEX WITH YOU!,2022-12-13,0,1,https://youtu.be/zw0IBrexEgA
passportbrosunited,BEING BLACK IS A GIFT!,2022-12-09,0,1,https://youtu.be/V_jCrx1SAgA
passportbrosunited,YOUNG BLACK MALES ARE THE MOST MISUNDERSTOOD!,2022-12-06,0,1,https://youtu.be/vd9NNff5cnQ
passportbrosunited,21 YEAR OLD EXPLAINS BLACK POWER!,2022-12-01,0,1,https://youtu.be/950wcCoNQmI
passportbrosunited,21 YEAR OLD EXPLAINS HOW AMERICANS ACT DIFFERENT!,2022-11-29,0,2,https://youtu.be/mfh2zHSl0JY
passportbrosunited,Im starting to see a trend about Passport boys and I cannot stop laughing about it. Why is this a thing and why are the men thats involved look genuinely sad?,2022-11-28,0,3,https://www.reddit.com/r/passportbrosunited/comments/z6ll39/im_starting_to_see_a_trend_about_passport_boys/
passportbrosunited,21 YEAR OLD PASSPORT BRO EXPLAINS BLACK PEOPLE ARE TOO EMOTIONAL!,2022-11-04,0,1,https://youtu.be/vYfJZp7w23M
passportbrosunited,21 YEAR OLD PASSPORT BRO EXPLAINS BLACK WOMEN HATRED!,2022-11-01,0,1,https://youtu.be/UKukCppfrmI
passportbrosunited,21 YEAR OLD PASSPORT BRO EXPLAINS WHITE ACCEPTANCE!,2022-10-29,0,1,https://youtu.be/hQYQbafVaNk
passportbrosunited,21 YEAR OLD PASSPORT BRO EXPLAINS BLACK ON BLACK VIOLENCE!,2022-10-26,0,2,https://youtu.be/gQNc-j6BX3Q
passportbrosunited,STOP SLANDERING BLACK WOMEN! | Loki Rara Podcast,2022-10-25,0,1,https://youtu.be/DBqCNTWan2Y
passportbrosunited,OWNERSHIP ISNT VALUED IN BLACK COMMUNITY! | Loki Rara Podcast,2022-10-22,0,2,https://youtu.be/Ob3FjZG-jFA
passportbrosunited,21 YEAR OLD PASSPORT BRO EXPLAINS FRIENDSHIPS WILL FALL APART!,2022-10-22,0,2,https://youtu.be/8gLjPuZVm_Y
passportbrosunited,21 YEAR OLD PASSPORT BRO EXPLAINS SINGLE MOTHER RISE!,2022-10-21,0,1,https://youtu.be/OrYuFPsnvQo
passportbrosunited,Pattaya Vs. Phuket  Which City Should You Visit? | The Truth,2022-10-20,0,2,https://youtu.be/LOIVdtxAbfs
passportbrosunited,21 YEAR OLD PASSPORT BRO EXPLAINS IDOL WORSHIP!,2022-10-20,0,1,https://youtu.be/PcOdahGlgtE
passportbrosunited,I GOT INTO A FIGHT FIRST NIGHT IN MALAYSIA..,2022-10-19,0,1,https://youtu.be/AW2o7oNv_bU
passportbrosunited,BLACK ENTERTAINERS ARE ILLUSIONS | Young Black & Successful OVERSEAS Podcast @Global Ceezy,2022-10-19,0,2,https://youtu.be/DpjF0_b6q9Q
passportbrosunited,Taking Public Transit in Kuala Lumpur!  Tutorial For Dummies,2022-10-19,0,1,https://youtu.be/bo9SyrzN5U8
passportbrosunited,Inside A 7-Eleven Bakery in Thailand  *Limited Edition* Kudsan Bakery Review,2022-10-19,0,1,https://youtu.be/EROyunR7glA
passportbrosunited,Phuket  to Kuala Lumpur  By Bus | CRAZY JOURNEY! Detained at The Border,2022-10-18,0,1,https://youtu.be/HUbQ7RX19Sw
passportbrosunited,BLACK PEOPLE LOOK RICH BUT ARENT | Young Blavk & Successful OVERSEAS Podcast @Global Ceezy,2022-10-18,0,1,https://youtu.be/fRhLYNWGvXQ
passportbrosunited,Massage District Little Tokyo Walkthru | YOU WONT BELIEVE WHAT THEY SAID TO ME,2022-10-17,0,1,https://youtu.be/yq0cLJ7_3_4
passportbrosunited,21 YEAR OLD Passport Bros PROVE Dating Western Women IS DEAD! (LOKI RARA INTERVIEW),2022-10-17,0,1,https://youtu.be/3D3webSrhTY
passportbrosunited,21 YEAR OLD PASSPORT BRO EXPLAINS MILLION DOLLAR ILLUSION!,2022-10-16,0,1,https://youtu.be/JvhvrSzC7QA
passportbrosunited,Thailands DRILL RAP Scene | The Chiraq of Thailand,2022-10-16,0,1,https://youtu.be/VBRGAunYUHU
passportbrosunited,BLACK PEOPLE LIKE TO SEE EACH OTHER FAIL | Young Black & Successful OVERSEAS @Global Ceezy,2022-10-15,0,1,https://youtu.be/j1ZqJysM7MY
passportbrosunited,WOMEN IS NOT THE GOAL!,2022-10-14,0,1,https://v.redd.it/wy0kfrnwwtt91
passportbrosunited,Growing My First Weed Plant in Thailand!,2022-10-14,0,1,https://youtu.be/iyJKcLBYgdQ
passportbrosunited,21 YEAR OLD PASSPORT BRO EXPLAINS WOMEN IS NOT THE GOAL!,2022-10-14,0,1,https://youtu.be/8CYspWG57D4
passportbrosunited,BLACK COMMUNITY DONT VALUE YOU TILL A WHITE MAN DOES,2022-10-14,1,0,https://v.redd.it/nfhfg8yh1qt91
passportbrosunited,Grocery Haul For My New Apartment in Phuket  BIG C Tour,2022-10-14,0,1,https://youtu.be/TgWIdP8Snho
passportbrosunited,BLACK IDEAS ARE DIVINELY INFLUENCED! | Young Black & Successful OVERSEAS Podcast,2022-10-13,0,0,https://youtu.be/kMKd-v7fX4E
passportbrosunited,BLACK COMMUNITY DONT VALUE YOU UNTIL A WHITE MAN DOES! | Young Black & Successful OVERSEAS Podcast,2022-10-13,0,1,https://youtu.be/iv0C2tdWW34
passportbrosunited,STATE OF THE CULTURE | Young Black & Successful OVERSEAS,2022-10-13,0,1,https://youtu.be/PZJjA2_Eaz8
passportbrosunited,EXPLORING BIG BUDDHA IN PHUKET! AMAZING WORLD WONDER,2022-10-12,0,1,https://youtu.be/w_TucSFaybI
passportbrosunited,Driving Through Phuket | Hills and Beaches Tour w/ Local Girl *Beautiful*,2022-10-12,0,1,https://youtu.be/xTIG5McFq6I
passportbrosunited,The RASTAFARIS of THAILAND  Weed Bar,2022-10-11,0,1,https://youtu.be/KMyZEP_jTbA
passportbrosunited,BLACK COMMUNITY IS OBSESSED WITH OVER NIGHT RESULTS,2022-10-11,0,1,https://v.redd.it/hijc8pfud8t91
passportbrosunited,RUNNING TO EUROPE WONT SOLVE ARE PROBLEMS!,2022-10-11,0,1,https://v.redd.it/mc3ap92dd8t91
passportbrosunited,21 YEAR OLD PASSPORT BRO EXPLAINS LACK OF GUIDANCE IN AMERICA!,2022-10-11,0,1,https://youtu.be/zfYUi4VsMik
passportbrosunited,RENTING AN APARTMENT IN PHUKET!  UNDER $300 FOR THIS  *Full Walkthru*,2022-10-10,0,1,https://youtu.be/JCr227-0yRg
passportbrosunited,Young Black & Successful OVERSEAS pt. 2  ft. @Loki RaRa Ent,2022-10-09,0,1,https://youtu.be/x2adctW-f8M
passportbrosunited,NOT EVERY BLACK KID SHOUKD BE SMOKING WEED,2022-10-09,0,1,https://v.redd.it/4ygukufq3ts91
passportbrosunited,WEED IS KILLING BLACK KIDS ASPIRATIONS | Young Black & Successful OVERSEAS Podcast,2022-10-09,0,1,https://youtu.be/ZxxSAHm9B5c
passportbrosunited,"Day in the Life: Young, Black in Thailand  Date Night , Massage, Food",2022-10-08,0,1,https://youtu.be/fqPjo2jGMDY
passportbrosunited,NBA DRAFT IS SLAVERY .,2022-10-08,0,1,https://v.redd.it/z7qoe2htcns91
passportbrosunited,21 YEAR OLD PASSPORT BRO EXPLAINS AMERICA IS SLAVERY!,2022-10-08,0,1,https://youtu.be/PflYuv_kgt0
passportbrosunited,The HATE For Blacks Overseas is REAL  *Hard Truth*,2022-10-07,0,1,https://youtu.be/4BR8iCG9T0g
passportbrosunited,21 YEAR OLD PASSPORT BRO INTIMIDATES FOREIGN MAN!,2022-10-07,0,0,https://youtu.be/KLipTvonK9A
passportbrosunited,MOST BEAUTIFUL MUSLIM GIRLS IN THE WORLD!  | Exploring Patong Beach Thailand,2022-10-07,0,1,https://youtu.be/IEo_4v83DhQ
passportbrosunited,Thai-Muslim Community  She Made the BEST Thai Muslim Food  Massaman Curry Chicken Roti,2022-10-07,1,1,https://youtu.be/TZHrDMFcy8g
passportbrosunited,WHICH COUNTRY DO YOU WANT TO TRAVEL TO?,2022-10-07,0,1,https://www.reddit.com/r/passportbrosunited/comments/xxud6m/which_country_do_you_want_to_travel_to/
passportbrosunited,Loki Rara - Passport Bros (LEAKED AUDIO),2022-10-07,0,1,https://youtu.be/4F2EjeU1dog
passportbrosunited,The Benefits of Speaking Thai  | IMPORTANCE OF LEARNING NEW LANGUAGES,2022-10-07,0,1,https://youtu.be/qgAsS4I9XTo
passportbrosunited,TROLLING GERMAN GIRL IN OUR HOSTEL!,2022-10-07,0,1,https://youtu.be/0GOlD13DVVg
passportbrosunited,Easiest Ways To Save Money In Thailand  *MUST WATCH*,2022-10-07,0,2,https://youtu.be/52XmfiR4Pik
passportbrosunited,RICH ARAB GIRLS LIKE BLACK GUYS,2022-10-06,0,1,https://youtube.com/shorts/LUxAP4Xgz_w?feature=share
passportbrosunited,SAUDI GIRL WANTS ME TO PAY ON FIRST DATE,2022-10-06,0,1,https://youtube.com/shorts/p24liO1U2IU?feature=share
passportbrosunited,Loki Rara - Passport Bros,2022-10-06,0,1,https://soundcloud.com/lokiraramusic/loki-rara-passport-bros?ref=clipboard&p=i&c=0&si=46706D03AA8546C58C45EC2CE61D5280&utm_source=clipboard&utm_medium=text&utm_campaign=social_sharing
passportbrosunited,GIRLS TWERK ON US AT LONDON DAY PARTY! *TWERK PARTY  *,2022-10-06,0,1,https://youtu.be/ghA5NYW3s0Y
passportbrosunited,PASSPORT BROS ARE LIKE SUPERMAN!,2022-10-06,0,3,https://v.redd.it/b947als9g9s91
passportbrosunited,21 YEAR OLD PASSPORT BRO EXPLAINS WHY WOMEN ARE MAD!,2022-10-06,0,1,https://youtu.be/pcv0M5WLSDs
passportbrosunited,Dating in Thailand is better on every level the women got the 3Fs and its cheap to have a good time,2023-04-17,1,0,https://www.reddit.com/r/passportbrosunited/comments/12pn4gs/dating_in_thailand_is_better_on_every_level_the/
passportbrosunited,Is it really that hard of a choice,2023-03-13,0,0,https://www.reddit.com/r/passportbrosunited/comments/11q55ej/is_it_really_that_hard_of_a_choice/
passportbrosunited,Im starting to see a trend about Passport boys and I cannot stop laughing about it=. Why is this a thing and why are the men thats involved look genuinely sad?,2022-11-28,0,0,https://www.reddit.com/r/passportbrosunited/comments/z6ll39/im_starting_to_see_a_trend_about_passport_boys/
passportbrosunited,PASSPORT BROS ARE LIKE SUPERMAN!,2022-10-06,0,0,https://www.reddit.com/r/passportbrosunited/comments/xxi2v1/passport_bros_are_like_superman/
passportbrosunited,FYIs for those heading to the Philippines!,2023-07-29,1,0,https://www.reddit.com/r/passportbrosunited/comments/15cpkw2/fyis_for_those_heading_to_the_philippines/
passportbrosunited,Passport Bros: Egyptian Chick Explains How Men Won't Want To Date In America After Going Overseas,2023-05-23,1,0,https://www.reddit.com/r/passportbrosunited/comments/13pwat4/passport_bros_egyptian_chick_explains_how_men/
passportbrosunited,21 YEAR OLD EXPLAINS HOW AMERICANS ACT DIFFERENT!,2022-11-29,0,0,https://www.reddit.com/r/passportbrosunited/comments/z7w41b/21_year_old_explains_how_americans_act_different/
passportbrosunited,21 YEAR OLD PASSPORT BRO EXPLAINS BLACK ON BLACK VIOLENCE!,2022-10-26,0,0,https://www.reddit.com/r/passportbrosunited/comments/ye8jl4/21_year_old_passport_bro_explains_black_on_black/
passportbrosunited,Pattaya Vs. Phuket < Which City Should You Visit? | The Truth,2022-10-20,0,0,https://www.reddit.com/r/passportbrosunited/comments/y9aked/pattaya_vs_phuket_which_city_should_you_visit_the/
passportbrosunited,Easiest Ways To Save Money In Thailand > *MUST WATCH*,2022-10-07,0,0,https://www.reddit.com/r/passportbrosunited/comments/xxrbkd/easiest_ways_to_save_money_in_thailand_must_watch/
passportbrosunited,Passport Bros Love TWO Countries,2023-07-05,0,0,https://www.reddit.com/r/passportbrosunited/comments/14rnia0/passport_bros_love_two_countries/
passportbrosunited,Hey Passport bros this is right up your alley. 50/60 Percent of buisness class flights!,2023-07-05,2,0,https://www.reddit.com/r/passportbrosunited/comments/14qylz3/hey_passport_bros_this_is_right_up_your_alley/
passportbrosunited,Passport Bros. now have their own cryptocurrency.,2023-04-25,0,0,https://www.reddit.com/r/passportbrosunited/comments/12ylh64/passport_bros_now_have_their_own_cryptocurrency/
passportbrosunited,PUNTA CANA AFTER DARK ==%,2023-04-18,0,0,https://www.reddit.com/r/passportbrosunited/comments/12qn8a6/punta_cana_after_dark/
passportbrosunited,"Black American woman pretends to be Dominican, and lies about Black Men and Passport bros",2023-03-07,0,0,https://www.reddit.com/r/passportbrosunited/comments/11kpdhw/black_american_woman_pretends_to_be_dominican_and/
passportbrosunited,Sosua Beach SUPERBOWL WEEKEND,2023-03-02,1,0,https://www.reddit.com/r/passportbrosunited/comments/11fubk1/sosua_beach_superbowl_weekend/
passportbrosunited,Add El Salvador to the list,2023-02-28,0,0,https://www.reddit.com/r/passportbrosunited/comments/11ea15a/add_el_salvador_to_the_list/
passportbrosunited,DO BLACK MEN ONLY LIKE LIGHTSKIN GIRLS?,2022-12-14,0,0,https://www.reddit.com/r/passportbrosunited/comments/zlsez8/do_black_men_only_like_lightskin_girls/
passportbrosunited,WHY AMERICAN WOMEN WONT HAVE SEX WITH YOU!,2022-12-13,0,0,https://www.reddit.com/r/passportbrosunited/comments/zkvuq1/why_american_women_wont_have_sex_with_you/
passportbrosunited,BEING BLACK IS A GIFT!,2022-12-09,0,0,https://www.reddit.com/r/passportbrosunited/comments/zh0oh6/being_black_is_a_gift/
passportbrosunited,YOUNG BLACK MALES ARE THE MOST MISUNDERSTOOD!,2022-12-06,0,0,https://www.reddit.com/r/passportbrosunited/comments/ze79l8/young_black_males_are_the_most_misunderstood/
passportbrosunited,21 YEAR OLD EXPLAINS BLACK POWER!,2022-12-01,0,0,https://www.reddit.com/r/passportbrosunited/comments/za4ild/21_year_old_explains_black_power/
passportbrosunited,21 YEAR OLD PASSPORT BRO EXPLAINS BLACK PEOPLE ARE TOO EMOTIONAL!,2022-11-04,0,0,https://www.reddit.com/r/passportbrosunited/comments/yltesm/21_year_old_passport_bro_explains_black_people/
passportbrosunited,21 YEAR OLD PASSPORT BRO EXPLAINS BLACK WOMEN HATRED!,2022-11-01,0,0,https://www.reddit.com/r/passportbrosunited/comments/yjjjtl/21_year_old_passport_bro_explains_black_women/
passportbrosunited,21 YEAR OLD PASSPORT BRO EXPLAINS WHITE ACCEPTANCE!,2022-10-29,0,0,https://www.reddit.com/r/passportbrosunited/comments/ygjqg9/21_year_old_passport_bro_explains_white_acceptance/
passportbrosunited,STOP SLANDERING BLACK WOMEN! | Loki Rara Podcast,2022-10-25,0,0,https://www.reddit.com/r/passportbrosunited/comments/ydgiit/stop_slandering_black_women_loki_rara_podcast/
passportbrosunited,OWNERSHIP ISNT VALUED IN BLACK COMMUNITY! | Loki Rara Podcast,2022-10-22,0,0,https://www.reddit.com/r/passportbrosunited/comments/yb0auw/ownership_isnt_valued_in_black_community_loki/
passportbrosunited,21 YEAR OLD PASSPORT BRO EXPLAINS FRIENDSHIPS WILL FALL APART!,2022-10-22,0,0,https://www.reddit.com/r/passportbrosunited/comments/yap7vs/21_year_old_passport_bro_explains_friendships/
passportbrosunited,21 YEAR OLD PASSPORT BRO EXPLAINS SINGLE MOTHER RISE!,2022-10-21,0,0,https://www.reddit.com/r/passportbrosunited/comments/ya5a2c/21_year_old_passport_bro_explains_single_mother/
passportbrosunited,21 YEAR OLD PASSPORT BRO EXPLAINS IDOL WORSHIP!,2022-10-20,0,0,https://www.reddit.com/r/passportbrosunited/comments/y9af90/21_year_old_passport_bro_explains_idol_worship/
passportbrosunited,"I GOT INTO A FIGHT FIRST NIGHT IN MALAYSIA..>,",2022-10-19,0,0,https://www.reddit.com/r/passportbrosunited/comments/y89b7w/i_got_into_a_fight_first_night_in_malaysia/
passportbrosunited,BLACK ENTERTAINERS ARE ILLUSIONS | Young Black &amp; Successful OVERSEAS Podcast @Global Ceezy <,2022-10-19,0,0,https://www.reddit.com/r/passportbrosunited/comments/y88oxj/black_entertainers_are_illusions_young_black/
passportbrosunited,Taking Public Transit in Kuala Lumpur! << Tutorial For Dummies =,2022-10-19,0,0,https://www.reddit.com/r/passportbrosunited/comments/y82lz8/taking_public_transit_in_kuala_lumpur_tutorial/
passportbrosunited,Inside A 7-Eleven Bakery in Thailand =>P *Limited Edition* Kudsan Bakery Review,2022-10-19,0,0,https://www.reddit.com/r/passportbrosunited/comments/y80wvc/inside_a_7eleven_bakery_in_thailand_limited/
passportbrosunited,Phuket << to Kuala Lumpur << By Bus | CRAZY JOURNEY! Detained at The Border,2022-10-18,0,0,https://www.reddit.com/r/passportbrosunited/comments/y7hrzk/phuket_to_kuala_lumpur_by_bus_crazy_journey/
passportbrosunited,BLACK PEOPLE LOOK RICH BUT ARENT | Young Blavk &amp; Successful OVERSEAS Podcast @Global Ceezy <,2022-10-18,0,0,https://www.reddit.com/r/passportbrosunited/comments/y75rdm/black_people_look_rich_but_arent_young_blavk/
passportbrosunited,Massage District Little Tokyo Walkthru | YOU WONT BELIEVE WHAT THEY SAID TO ME =5,2022-10-17,0,0,https://www.reddit.com/r/passportbrosunited/comments/y6p29s/massage_district_little_tokyo_walkthru_you_wont/
passportbrosunited,21 YEAR OLD Passport Bros PROVE Dating Western Women IS DEAD! (LOKI RARA INTERVIEW),2022-10-17,0,0,https://www.reddit.com/r/passportbrosunited/comments/y6p1fj/21_year_old_passport_bros_prove_dating_western/
passportbrosunited,21 YEAR OLD PASSPORT BRO EXPLAINS MILLION DOLLAR ILLUSION!,2022-10-16,0,0,https://www.reddit.com/r/passportbrosunited/comments/y5t690/21_year_old_passport_bro_explains_million_dollar/
passportbrosunited,Thailands DRILL RAP Scene | The Chiraq of Thailand >w<,2022-10-16,0,0,https://www.reddit.com/r/passportbrosunited/comments/y5t5x4/thailands_drill_rap_scene_the_chiraq_of_thailand/
passportbrosunited,BLACK PEOPLE LIKE TO SEE EACH OTHER FAIL | Young Black &amp; Successful OVERSEAS @Global Ceezy <,2022-10-15,0,0,https://www.reddit.com/r/passportbrosunited/comments/y4lze7/black_people_like_to_see_each_other_fail_young/
passportbrosunited,WOMEN IS NOT THE GOAL!,2022-10-14,0,0,https://www.reddit.com/r/passportbrosunited/comments/y43zuu/women_is_not_the_goal/
passportbrosunited,Growing My First Weed Plant in Thailand!,2022-10-14,0,0,https://www.reddit.com/r/passportbrosunited/comments/y43vb6/growing_my_first_weed_plant_in_thailand/
passportbrosunited,21 YEAR OLD PASSPORT BRO EXPLAINS WOMEN IS NOT THE GOAL!,2022-10-14,0,0,https://www.reddit.com/r/passportbrosunited/comments/y3ydzv/21_year_old_passport_bro_explains_women_is_not/
passportbrosunited,Grocery Haul For My New Apartment in Phuket = BIG C Tour,2022-10-14,0,0,https://www.reddit.com/r/passportbrosunited/comments/y3mvpi/grocery_haul_for_my_new_apartment_in_phuket_big_c/
passportbrosunited,BLACK COMMUNITY DONT VALUE YOU UNTIL A WHITE MAN DOES! | Young Black &amp; Successful OVERSEAS Podcast,2022-10-13,0,0,https://www.reddit.com/r/passportbrosunited/comments/y39j25/black_community_dont_value_you_until_a_white_man/
passportbrosunited,STATE OF THE CULTURE | Young Black &amp; Successful OVERSEAS,2022-10-13,0,0,https://www.reddit.com/r/passportbrosunited/comments/y333tu/state_of_the_culture_young_black_successful/
passportbrosunited,EXPLORING BIG BUDDHA IN PHUKET! AMAZING WORLD WONDER =1,2022-10-12,0,0,https://www.reddit.com/r/passportbrosunited/comments/y2hb8n/exploring_big_buddha_in_phuket_amazing_world/
passportbrosunited,Driving Through Phuket | Hills and Beaches Tour w/ Local Girl *Beautiful* <4=,2022-10-12,0,0,https://www.reddit.com/r/passportbrosunited/comments/y200j2/driving_through_phuket_hills_and_beaches_tour_w/
passportbrosunited,The RASTAFARIS of THAILAND << Weed Bar <C,2022-10-11,0,0,https://www.reddit.com/r/passportbrosunited/comments/y1ipxf/the_rastafaris_of_thailand_weed_bar/
passportbrosunited,BLACK COMMUNITY IS OBSESSED WITH OVER NIGHT RESULTS =),2022-10-11,0,0,https://www.reddit.com/r/passportbrosunited/comments/y1ihce/black_community_is_obsessed_with_over_night/
passportbrosunited,RUNNING TO EUROPE WONT SOLVE ARE PROBLEMS!,2022-10-11,0,0,https://www.reddit.com/r/passportbrosunited/comments/y1iezt/running_to_europe_wont_solve_are_problems/
passportbrosunited,21 YEAR OLD PASSPORT BRO EXPLAINS LACK OF GUIDANCE IN AMERICA!,2022-10-11,0,0,https://www.reddit.com/r/passportbrosunited/comments/y1id8j/21_year_old_passport_bro_explains_lack_of/
passportbrosunited,RENTING AN APARTMENT IN PHUKET! = UNDER $300 FOR THIS =1 *Full Walkthru*,2022-10-10,0,0,https://www.reddit.com/r/passportbrosunited/comments/y0psfs/renting_an_apartment_in_phuket_under_300_for_this/
passportbrosunited,Young Black &amp; Successful OVERSEAS pt. 2 < ft. @Loki RaRa Ent,2022-10-09,0,0,https://www.reddit.com/r/passportbrosunited/comments/xzueid/young_black_successful_overseas_pt_2_ft_loki_rara/
passportbrosunited,NOT EVERY BLACK KID SHOUKD BE SMOKING WEED,2022-10-09,0,0,https://www.reddit.com/r/passportbrosunited/comments/xzppe9/not_every_black_kid_shoukd_be_smoking_weed/
passportbrosunited,WEED IS KILLING BLACK KIDS ASPIRATIONS | Young Black &amp; Successful OVERSEAS Podcast,2022-10-09,0,0,https://www.reddit.com/r/passportbrosunited/comments/xzpi8g/weed_is_killing_black_kids_aspirations_young/
passportbrosunited,"Day in the Life: Young, Black in Thailand =% Date Night , Massage, Food",2022-10-08,0,0,https://www.reddit.com/r/passportbrosunited/comments/xz5n1w/day_in_the_life_young_black_in_thailand_date/
passportbrosunited,NBA DRAFT IS SLAVERY =).,2022-10-08,0,0,https://www.reddit.com/r/passportbrosunited/comments/xz3mfi/nba_draft_is_slavery_httpsyoutubepflyuv_kgt0/
passportbrosunited,21 YEAR OLD PASSPORT BRO EXPLAINS AMERICA IS SLAVERY!,2022-10-08,0,0,https://www.reddit.com/r/passportbrosunited/comments/xz3aft/21_year_old_passport_bro_explains_america_is/
passportbrosunited,The HATE For Blacks Overseas is REAL =! *Hard Truth*,2022-10-07,0,0,https://www.reddit.com/r/passportbrosunited/comments/xybezz/the_hate_for_blacks_overseas_is_real_hard_truth/
passportbrosunited,MOST BEAUTIFUL MUSLIM GIRLS IN THE WORLD! = | Exploring Patong Beach Thailand <<,2022-10-07,0,0,https://www.reddit.com/r/passportbrosunited/comments/xxxbqj/most_beautiful_muslim_girls_in_the_world/
passportbrosunited,Thai-Muslim Community << She Made the BEST Thai Muslim Food = Massaman Curry Chicken Roti,2022-10-07,1,0,https://www.reddit.com/r/passportbrosunited/comments/xxxbap/thaimuslim_community_she_made_the_best_thai/
passportbrosunited,WHICH COUNTRY DO YOU WANT TO TRAVEL TO?,2022-10-07,0,0,https://www.reddit.com/r/passportbrosunited/comments/xxud6m/which_country_do_you_want_to_travel_to/
passportbrosunited,Loki Rara - Passport Bros (LEAKED AUDIO),2022-10-07,0,0,https://www.reddit.com/r/passportbrosunited/comments/xxucnr/loki_rara_passport_bros_leaked_audio/
passportbrosunited,The Benefits of Speaking Thai << | IMPORTANCE OF LEARNING NEW LANGUAGES =,2022-10-07,0,0,https://www.reddit.com/r/passportbrosunited/comments/xxrcu5/the_benefits_of_speaking_thai_importance_of/
passportbrosunited,TROLLING GERMAN GIRL IN OUR HOSTEL! =,2022-10-07,0,0,https://www.reddit.com/r/passportbrosunited/comments/xxrcpo/trolling_german_girl_in_our_hostel/
passportbrosunited,RICH ARAB GIRLS LIKE BLACK GUYS& =':,2022-10-06,0,0,https://www.reddit.com/r/passportbrosunited/comments/xxjp1s/rich_arab_girls_like_black_guys/
passportbrosunited,SAUDI GIRL WANTS ME TO PAY ON FIRST DATE& ==,2022-10-06,0,0,https://www.reddit.com/r/passportbrosunited/comments/xxjof0/saudi_girl_wants_me_to_pay_on_first_date/
passportbrosunited,Loki Rara - Passport Bros,2022-10-06,0,0,https://www.reddit.com/r/passportbrosunited/comments/xxiisl/loki_rara_passport_bros/
passportbrosunited,GIRLS TWERK ON US AT LONDON DAY PARTY! *TWERK PARTY < *,2022-10-06,0,0,https://www.reddit.com/r/passportbrosunited/comments/xxii8f/girls_twerk_on_us_at_london_day_party_twerk_party/
passportbrosunited,21 YEAR OLD PASSPORT BRO EXPLAINS WHY WOMEN ARE MAD!,2022-10-06,0,0,https://www.reddit.com/r/passportbrosunited/comments/xxhz61/21_year_old_passport_bro_explains_why_women_are/
passportbrosunited,r/passportbrosunited Lounge,2022-10-06,2,0,https://www.reddit.com/r/passportbrosunited/comments/xxhz0k/rpassportbrosunited_lounge/
passportbrosunited,BLACK COMMUNITY DONT VALUE YOU TILL A WHITE MAN DOES =),2022-10-14,1,0,https://www.reddit.com/r/passportbrosunited/comments/y3mw9e/black_community_dont_value_you_till_a_white_man/
passportbrosunited,BLACK IDEAS ARE DIVINELY INFLUENCED! | Young Black &amp; Successful OVERSEAS Podcast,2022-10-13,0,0,https://www.reddit.com/r/passportbrosunited/comments/y39kb5/black_ideas_are_divinely_influenced_young_black/
passportbrosunited,21 YEAR OLD PASSPORT BRO INTIMIDATES FOREIGN MAN!,2022-10-07,0,0,https://www.reddit.com/r/passportbrosunited/comments/xy0726/21_year_old_passport_bro_intimidates_foreign_man/
